Company Name,Address,Fixed Capital,Total Capital,Product & Annual Capacity,Employment
Agriculture Himalayan Pvt.Ltd.,Lalitpur,8.2,10,Organic Vegetable 120 MT Fruits 20 MT,29
Tara Gaun Tea Estate Pvt.Ltd.,Ilam,45.1,49.1,Manufacturing And Export Of Orthodox Tea 540 MT,34
Kasturi Organic Agriculture Farming Industries Pvt. Ltd.,Lalitpur,18,20,Organic Vegetable 300 MT,41
Sanghai Floriculture Industries Pvt. Ltd.,Lalitpur,13,15,Floriculture 30 MT,37
Organic One Hundred Eat Pvt. Ltd.,Makawanpur,7,8,Organic Vegetables 150 MT Organic Herbs 50 MT,33
Morgan Group Nepal Pvt.Ltd.,Kathmandu,4,5,Organic Vegetable 30 MT Organic Fruits 40 MT Organic Herbs 10 MT,15 
Chhen Agriculture Farming Pvt. Ltd.,Bhaktapur,9.6,11.4,Organic Vegetables 190 MT Organic Fruits 50 MT Organic Flowers 10 MT,39
Dragon Agriculture Farmers Pvt. Ltd.,Kathmandu,2.5,3.2,Organic Vegetables 40 MT 
Organic Fruits 40 MT,20
Ming Organic Farm Pvt. Ltd.,Sainbhu,8.5,9.5,Organic Vegetables 200 MT,31
Saga Organic Farming Pvt.Ltd.,Khadka Bhadrakali 7 Kathmandu,8.6,9.5,Organic Vegetables 210 MT,37
Premire Hyachari Pvt. Ltd. Udayapur 8 Parsa,31,33,Egg 5000000 Nos Chickens 9000 Nos Poultry Litter (By Product/ Fertilizer) 158.8 MT Poultry Farming Capacity 29000 Nos,23
Premire Hyachari Pvt. Ltd.,Udayapur 8 Parsa,55,60,Chicks 6525000 Nos Poultry Litter (By Product/ Fertilizer)158.8 MT,45
China Nepal Green House Pvt. Ltd.,Kathmandu,9.6,13.5,Organic Vegetables 120 MT 
Organic Flowers 20 MT,29
Royal Orchid And Cyactai 
Pvt. Ltd.,Kathmandu 16 
Kathmandu,3.3,4,Flowers (Different Varieties) 
10 MT,20
Organic Vegetables Farming 
Pvt. Ltd.,Khairenitar 9,2.5,4,Organic Vegetables 55 MT,19
Alfred Organic Farm Pvt. 
Ltd.,Balambu 7 
Kathmandu,8.5,9.5,Organic Vegetables 190 MT,40
Kareshabari Organic Farming 
Pvt. Ltd.,Khadka Bhadrakali 
3 Kathmandu,7.1,8,Organic Vegetables 180 MT,37
Suncity Organic Agriculture 
Farmingindustries Pvt. Ltd.,Syuchatar 8 
Kathmandu,8.7,10,Organic Vegetables 200 MT,47
Hunan China Grean House 
Pvt. Ltd.,Khokana 3 Lalitpur,25,30,Vegetable Farming 188 MT,29
Bhalo Organic Farm Pvt. Ltd.,Balambu 3 
Kathmandu,19,20,Organic Vegetable 220 MT,35
Sunshine Grean Vegetables 
Farming Pvt. Ltd.,Balambu 3 
Kathmandu,28.5,30,Organic Vegetable 250 MT,40
Joint Venture Organic 
Farming Pvt. Ltd.,Khadka Bhadrakali 
3 Kathmandu,13.5,15,Organic Vegetables 300 MT,44
Mahabhara Agriculture 
Development Pvt. Ltd.,Damak 1 Jhapa,9,10,Organic Vegetables 50 MT 
Organic Fruits 50 MT,34
Birat Poultry Pvt. Ltd.,Sorabhag 9 
Morang,35,38,Egg 3990000 Nos Sale Of 
Culled Layer Hen 14250 Nos. 
Sale Of Manure/Litter 300 MT,43
Holywood Organic Farm Pvt. 
Ltd.,Balambu 3 
Kathmandu,14,15,Organic Vegatables 200 MT.,36
Sujun Organic Farm Pvt. Ltd.,Balambu 4 
Kathmandu,33.5,35,Organic Vegatables 300 MT.,40
Philips Organic Farm Pvt. 
Ltd.,Machhegaun 1 
Kathmandu,8.9,10,Organic Vegetables 210 MT,44
Gukadng Organic Pvt. Ltd.,Sainbu 3 Lalitpur,13.6,15,Organic Vegetable 250 MT,40
Abinash Farms Pvt. Ltd.,Bharatpur 4 
Gunjanagar 
Chitwan,186.6,315.9,Egg 50125000 Pcs 
 Chicken Meat 144000 Pcs 
Chicken Suli 2000000 KG,30
Himalayan Indo Village And 
Farming Pvt. Ltd.,Tinthana 2,34.9,40,Vegetables 130 MT.  
Flower 20 MT.,15
Siwalik Herbal Nepal Pvt. 
Ltd.,Basamadi 5 
Makawanpur,120,220,Texane Resin 100 MT. 10 
Deacetylbaccatin Iii (10 Dab 
Iii) 1000 KG. Methanol 
CHLoroform Syrup (Mcs) 50 
MT. Mosquito Repellant 
Coils/Mats (Herbal Based) 500 
MT.,135
Tiger Ply And Boards 
Industries Pvt. Ltd.,Naktajhij 1 
Dhanusha,185,210,Plywood (Size 8'x4') 
(Thickness 3 19 Mm) 120000 
Cu. Fit Block Board (Size 
8'x4') (Thickness 24 40 Mm) 
70000 Cu. Fit,189
Jhanga Peng Agriculture And 
Floriculture Farming 
Industries Pvt. Ltd.,Ramkot 2 
Kathmandu,28.5,30,Organic Vegetables 180 MT. 
Flowers 20 MT.,80
Hong Chung Organic Farm 
Pvt. Ltd.,Ramkot 8 
Kathmandu,13.5,15,Organic Vegetables 300 MT,44
Himalayan Unique Organic 
Farming Pvt. Ltd.,Khadga Bhadrakali 
7 Kathmandu,23.5,25,Organic Vegetables 150 MT. 
Organic Fruits 50 MT,40
Naya Gaun Eco Farm Pvt. 
Ltd.,Sunkhani VDC 1 
Nuwakot,9,10,Organic Vegetables 50 MT 
Organic Fruits 50 MT,34
Fireflies Agriculture Farming 
Pvt. Ltd.,Bhimdhunga VDC 
3 Kathmandu,28.5,30,Organic Vegetable 220 MT,40
China Nepal Coffee Pvt. Ltd.,Sisneri 3 
Makawanpur,24.9,30,Coffee Beans 35 MT,37
Habile Organic Farming Pvt. 
Ltd.,Godavari 3,26,30,Organic Vegetables 120 MT 
Organic Fruits 120 MT,45
Taspinar Organic Farm Pvt. 
Ltd.,Balambu 4 
Kathmandu,28.5,30,Organic Vegetables 180 MT 
Flowers 20 MT,40
Eldar Organic Farm Pvt. Ltd.,Balambu 4 
Kathmandu,28,30,Organic Vegetables 250 MT,35
Yunpeng Organic Farm Pvt. 
Ltd.,Imadol 3 Lalitpur,33,35,Organic Vegetables 220 MT,40
Louise Organic Farm Pvt. 
Ltd.,Mahadevsthan 9 
Kathmandu,13.5,15,Organic Vegetables 300 MT,44
Jakob Organic Farm Pvt. Ltd.,Satungal 6 
Kathmandu,28.5,30,Organic Vegetables 220 MT,40
Himatri Agro Pvt. Ltd.,Dhapakhel VDC 8 
Lalitpur,28.5,30,Organic Agriculture Farming 
220 MT.,40
Domestic Organicfarming 
Pvt. Ltd.,Bishnu 
Budhanilkantha 
VDC 5 Kathmandu,26,30,Organic Vegetables 120 MT. 
Organic Fruits 120 MT.,45
Xuqian Organic Farm Pvt. 
Ltd.,Tinthana 6 
Kathmandu,28,30,Organic Vegetables 240 MT,31
Meghauli Organicfarming 
Pvt. Ltd.,Meghauli 9 
Chitwan,19,20,Organic Vegetables 220 MT,35
Anna Organicfarming Pvt. 
Ltd.,Bishnu 
Budhanilkantha 5 
Kathmandu,19.8,25,Organic Vegetables 150 MT,29
Lakesideorganicvegetables 
And Flowers Pvt. Ltd.,Ichanghu Narayan 
3 Kathmandu,26,30,Organic Vegetables 115 MT 
Fruits 115 MT,42
Yuejun Organic Farm Pvt. 
Ltd.,Balambu 3 
Kathmandu,29,30,Organic Vegetable 240 MT.,35
Three Star Organicfarming Pvt. Ltd.,Balambu 3 
Kathmandu,26,30,Organic Vegetables 120 MT,45
Swayambhu Hydropower Pvt. 
Ltd.,Bhimeshwor Na.Pa. 
And Wocha VDC 
Dolakha,312.6,315.6,Hydropower 2.2 MW,34
Mandu Hydro Power Pvt. 
Ltd.,Ipa Panchanya 
MaKWanpur And 
Ghusel Lalitpur 
Makawanpur,2,000.00,2,300.00,Hydropower 20 MW,90
Handikhola Jalbidhyut 
Company Pvt. Ltd.,Thangpaldhap 
VDC 
Sindhypalchowk,365,370,Hydropower 2 MW,38
Madhya Midim Jal Bidhyut 
Company Pvt. Ltd.,Bhoje Lamjung,456.4,459.4,Hydropower 3.1 MW,44
Tallo Midim Jal Bidhyut 
Company Pvt. Ltd.,Karapu Lamjung,135.5,138,Hydropower 996 KW,33
Surya Kunda Hydro Electric 
Pvt. Ltd.,Ghyangphedi 
Nuwakot,1,565.00,1,620.00,Hydropower 11 MW,46
Dhobhan Hydropower Pvt. 
Ltd.,Beni Solukhumbu,728.2,731,Hydropower 5.2 MW,41
Maivalley Hydropower Pvt. 
Ltd. Unit 1,Mabu Ilam,662,665,Hydropower 6.1 MW,45
Sasha Engineering 
Hydropower Pvt. Ltd.,Khare Dolakha,2,312.00,2,322.00,Hydropower 30 MW,58
Rangun Khola Hydropower 
Pvt. Ltd.,Bajhang Rithapata VDC,30.8,33.3,Hydro Electricity 996 KW,33
Himal Dolakha Hydropower 
Company Pvt. Ltd.,ILLAM,521,524,Hydro Electricity 4.5 MW,36
Grid Nepal Company Pvt. 
Ltd.,Khandeshwori VDC
,187,200,Hydro Electricity 60 MW,69
River False Hydropower 
Development Pvt. Ltd.,Mamlink VDC Kathmandu,327,331.5,Electricity Capacity 9.5 MW,65
Rishi Kesh Hydropower Pvt. 
Ltd.,Hansara VDC Kathmandu,132.5,148.7,Electricity Capacity 995 KW,507
Dupcheshwor Mahadev 
Hydro Power Company Pvt. 
Ltd.,Rautbeshi VDC 
Nuwakot,657.2,660,Electricity Capacity 5.5 MW,41
Sanbhi Energy Pvt. Ltd.,Namsaling VDC 
Ilam,1,295.00,1,300.00,Electricity Capacity 7.6 MW,60
Sayapatri Hydro Power Pvt. 
Ltd.,Tara VDC Baglung,287,290,Hydro Electricity 2.5 MW,38
Terhathum Power Company 
Pvt. Ltd.,Morahang VDC 
Terhathum,797,800,Hydro Electricity 6.8 MW,41
Upper Solu Hydro Electric 
Company Pvt. Ltd.,Gorakhani VDC 
SolUKhumbu,388,400,Hydro Electricity 23.5 MW,76
Rara Hydro Power 
Development Company Pvt. 
Ltd.,Abaral Parajuli 
VDC Dailekh,320.3,324.3,Hydro Electricity 2.15 MW,32
Salakhu Khola Hydropower 
Pvt. Ltd.,Aakure And Kahule 
VDC Nuwakot,345,350,Hydro Electricity 2.5 MW,43
Realiable Hydropower 
Company Pvt Ltd.,Sabala VDC 
Terhathum,756,760,Hydro Electricity 4.8 MW,43
Pashupati Energy 
Development Pvt. Ltd.,Ikudol VDC 
Lalitpur,407.5,411,Hydro Electricity 4.36 MW,35
Water And Energy Nepal Pvt. 
Ltd.,Burtibang VDC 
Baglung,830,833.3,Hydro Electricity 6.6 MW,47
Joshi Hydropower 
Development Company Pvt. 
Ltd.,Maipokhari VDC 
Ilam,352,355,Hydro Electricity 3 MW,41
Pashupati Energy 
Development Pvt. Ltd. Unit 1,Bhattedanda VDC 
Lalitpur,211.6,214.1,Hydro Electricity 2 MW,30
Dudhakoshi Power Company 
Pvt. Ltd.,Jalpa VDC 
Khotang,845,850,Hydro Electricity 6.5 MW,60
Jhyamolongma Hydropower 
Development Company Pvt. 
Ltd.,Machhapuchchhre 
VDC Kaski,2,760.00,2,800.00,Hydro Electricity 36 MW,70
Munlight Hydropower 
Company Pvt. Ltd.,Selang VDC 
Sindhupalchowk,1,265.50,1,270.00,Hydro Electricity 10.6 MW,52
Kalanga Hydro Pvt. Ltd.,Khiratadi VDC 
Bajhang,243,250,Hydro Electricity 15.33 MW,77
Sanigad Hydro Pvt. Ltd.,Dahabagar VDC 
Bajhang,340,350,Hydro Electricity 38.46 MW,95
Shaileshwori Power Nepal 
Pvt. Ltd.,Gairagaun VDC 
Doti,97,100,Hydro Electricity 1.55 MW,50
Lohore Khola Hydropower 
Company Pvt. Ltd.,Toli VDC Dailekh,409,412.5,Electricity 4.2 MW,36
Sanigad Hydro Pvt. Ltd. Unit 
1,Kafalseri VDC 
Bajhang,145,150,Hydro Electricity 10.7 MW,80
Tanchhar Hydro Pvt. Ltd.,Kobang VDC 
Mustang,97,100,Hydro Electricity 2.4 MW,50
Sikles Hydropower Pvt. Ltd.,Namarjung VDC 
Kaski,1,700.00,1,720.00,Hydro Electricity 10 MW,90
Devighat Hydropower Pvt. 
Ltd.,Charghare VDC 
Nuwakot,2,490.00,2,500.00,Hydro Electricity 9.6 MW,80
Sapsu Kalika Hydropower 
Company Pvt. Ltd.,Lafyang VDC 
Khotang,106.5,108.5,Hydro Electricity 9.6 MW,27
Mandakini Hydropower Pvt. 
Ltd.,Sardikhola VDC 
Kaski,547.8,555.4,Hydro Electricity 4 MW,24
Beni Hydropower Project Pvt. 
Ltd.,Beni VDC 
SolUKhumbu,2,850.00,2,900.00,Hydro Electricity 18 MW,50
Madhya Bhotekoshi 
Jalbidhyut Company Limited,Marming VDC 
Sindhupalchowk,12,233.30,12,283.30,Hydro Electricity 102 MW,1,033
Triyog Energy And 
Development Pvt. Ltd.,Gaddigaun VDC 
Doti,615,620,Hydro Electricity 3.5 MW,35
Dronachal Hydropower 
Company Pvt. Ltd.,Jiri VDC Dolakha,48.5,50,Hydro Electricity 600 KW,26
Research And Development 
Group Pvt. Ltd. Unit 1,Dana VDC Myagdi,695,700,Hydro Electricity 4 MW,35
Salmanidevi Hydropower Pvt. 
Ltd.,Barchhain VDC 
Doti,496.5,500,Hydro Electricity 3.33 MW,36
Dipshava Hydropower Pvt. 
Ltd.,Dhupu VDC 
Sankhuwasabha,496.5,500,Hydro Electricity 8.3 MW,35
Tara Energy Pvt. Ltd.,Phulpingkatti VDC 
Sindhupalchowk,7,503.90,8,057.40,Hydro Electricity 39 MW,52
Garjangupatyaka Hydropower 
Pvt. Ltd.,Chuchure VDC 
Ramechhap,404.3,410.6,Hydro Electricity 2.83 MW,59
Middle Modi Hydropower 
Limited,Salyan (Kaski) 
Tilhar (Parbat) 
VDC Kaski,1,985.00,2,230.00,Hydro Electricity 15.1 MW,49
Liberty Energy Hydropower 
Pvt. Ltd.,Phaleni VDC 
Lamjung,3,570.00,3,620.00,Hydro Power 22 MW,74
Singati Hydro Energy Pvt. 
Ltd.,Babare Dolakha,980,1,000.00,Hydro Power 16 MW,60
Consortium Power 
Developers Pvt. Ltd.,Marbu VDC 
Dolakha,3,080.00,3,100.00,Hydro Power 24.1 MW,43
Mountain Hydro Nepal Pvt. 
Ltd.,Phidim VDC 
Panchathar,1,359.60,1,388.30,Hydro Power 9.5 MW,24
Molung Hydropower 
Company Pvt. Ltd.,Harkapur VDC 
Okhaldhunga,1,200.00,1,214.00,Hydro Power 7 MW,50
Chhyangdi Hydropower Pvt. 
Ltd.,Phalene & Bansar 
VDC Lamjung,282.5,285,Hydro Power 1.7 MW,24
Upper Hewakhola 
Hydropower Company Pvt. 
Ltd.,Jaljala & 
Sidhdapokhari 
VDC 
Sankhuwasabha,1,042.00,1,050.00,Hydro Power 8.5 MW,35
Tundi Power Company Pvt. 
Ltd.,Dagnam VDC 
Myagdi,4,572.50,4,600.00,Hydro Power 48.5 MW,46
Himal Dolkha Hydropower 
Company Pvt. Ltd. Unit 1,Godak VDC Ilam,661,666,Hydro Power 8 MW,35
Cemat Power Development 
Company Pvt. Ltd.,Narchyan VDC 
Myagdi,556,560,Hydro Power 4 MW,35
Tundi Power Company Pvt. 
Ltd. Unit 1,Chimkholo VDC 
Myagdi,3,380.00,3,400.00,Hydro Power 37 MW,41
Himalayan Water Resources 
And Energy Development 
Company Pvt. Ltd.,Madan Kudari 
VDC 3 Kavre,44.9,50,Hydro Power 6 MW,38
Diamond Hydropower Pvt. 
Ltd.,Shreenathkoth 
VDC Gorkha,730,750,Hydro Power 10 MW,75
Bindhyabasini Hydropower 
Development Company Pvt. 
Ltd.,Mijuredanda VDC 
Kaski,890,900,Hydro Power 6.8 MW,52
Nyam Nyam Hydropower 
Company Pvt. Ltd.,Dandagaun VDC 
Rasuwa,640,650,Hydro Power 6 MW,58
Peoples Hydropower 
Company Pvt. Ltd.,Dhodeni VDC 
Lamjung,1,970.00,2,000.00,Hydro Power 49.6 MW,46
Hydro Empire Pvt. Ltd.,Mudi VDC Myagdi,918.4,1,000.00,Hydro Power 20 MW,49
Bijaya Plates And Chemicals 
Pvt. Ltd.,Birpur VDC 8 
Kapilbastu,115,150,Mash Feed 24000 MT  
Pellet Feed 12000 MT,125
National Polyplast Industries 
Pvt. Ltd. (Unit  1),Hetaudaindustrial 
Estate 
Makawanpur,135,249,Plasticizers 19600 MT 
Phthalate Plasticizer 6000 MT 
Epoxy 1200 MT Recrified 
Sprit Based Plasicizers 2400 
MT Primary Plasticizers (Dop) 
10000 MT Alkyd Resin 4200 
MT Hdpe Drum 1100 MT,110
Apple International 
Pharmaceuticals Pvt. Ltd.,Anandaban VDC 7 
Rupandehi,215.6,277.6,Tablet 150 Million Piece 
Capsules 65 Million Piece 
Liquids 500 KL Powders 1.5 
Million Bottle Ointment 1 
Million Tube,105
Shanker Oxygen Gas Pvt. 
Ltd. (Unit  4),Chhipagad VDC 3 
Rupandehi,124,136,Carbon Dioxide Gas (In Liquid 
Form) 5400 MT Briquette (By 
Product) 3000 MT,100
S R Friuts Pvt. Ltd,Padsari VDC 4 
Rupandehi,81,150,Maida 20650 MT  
Atta 4550 MT Suji 1750 MT  
Bran 8050 MT,65
Care Harble Products Pvt. 
Ltd.,Gangoliya VDC 3 
Rupandehi,69.3,80.1,Churna 15000 KG Bhasma 
5000 KG Tablets 15000000 
Piece Liquids 100000 Liter 
Capsules 10000000 Piece 
Herbal Tea 5000 KG Ointment 
& Cream 500000 Tube,58
Kiran Shoe Manufacturs 
(Unit  2),Balaju Industrial 
Estate Kathmandu,34,49,Sport Shoes 1600000 Pairs,270
Birat Petrolium Pvt. Ltd.,Pida 1 Bansentar 
Dhading,200,500,     ,70
Nepal Wellhope Aggrigate 
Pvt. Ltd. Unit 1,Tankisinuwari 2 
Morang,30.4,49.4,Pettet Feed 10000 MT Mash 
Feed 5000 MT,85
Rohini Agro Industries Pvt. 
Ltd.,Dhakadhai 1 
Rupandehi,115,200,Rice 16500 MT Broken Rice 
(By Product) 3900 MT Rice 
Bran (By Product) 2400 MT 
Rice Husk (By Product) 4725 
MT,77
S. S. Diet And Food 
Industries Pvt. Ltd.,Pokhara 5 Kaski,85,150,Biscuit (Different Varities) 
14000 MT,89
Maruti Cements Ltd Unit 1,Chandra Udayapur 
8 Siraha,828.8,970,Clinker 327750 MT Portland 
Pozzolana Cement (Ppc) 
207000 MT Portland Slag 
Cement (Psc) 138000 MT,226
Shreeram Cement Pvt. Ltd.,Harnaiya 1 
Rupadehi,175,250,Opc (Ordinary Portland 
Cement 18000 MT Ppc 
(Portland Pozzalana Cement 
72000 MT,100
Salasar Metal Industries,Katahari 7 Morang,53.5,106,Copper Wire 1500 MT Copper 
Sheet 400 MT Brass Sheet 50 
MT Pvc Scrap (By Product) 
844 MT,80
Asian Distillary Pvt. Ltd. Unit 
1,Pipara Simara 4 
Bara,60,70,Rectified Spirit (Rs) 300 KL 
Extra Neutral Alcohol (Ena) 
300 KL,50
Huwai Plastic Industry,Mahadevsthan 7 
Kathmandu,26,36,Injection Molded Goods 300 
MT Blow Molded Goods 300 
MT Pet Bottle 100 MT,50
Solar Agmentation Group 
Pvt. Ltd.,Hetaudaindustrial 
Estate 
Makawanpur,31,49,Pv Panels (220 Wp) 7000 Set 
Pv Panels (110 Wp) 12000 Set 
Pv Panels (80 Wp) 20000 Set 
Pv Panels (400 Wp) 28500 Set 
Pv Panels (20 Wp) 20000 Set,99
Utsab Agro Fertilizer Pvt. 
Ltd.,Katahari 9 Morang,60,140,Mixed Fertilizer 30000 MT,60
Climate Zone Garment 
Industry Pvt. Ltd.,Ichangu Narayan 9 
Kathmandu,1.7,2.5,Readymade Garments 
52200 Pcs,20
Jay  Spinning Mills Pvt. Ltd.,Chorni  VDC 2 
Parsa,663.8,795.8,Polyester 4400 MT Acrylic 
500 MT Cotton  1200 MT 
Viscose 1738 MT,1087
High   Art(Nepal) Pvt. Ltd.,Danchhi VDC 9 
Kathmandu,29,45,Wigs Production 25000 Nos 
Wigs Reconditioning 10000  
Nos Wigs Extension 
10000Nos,134
Reliance Industries Pvt. Ltd.,Thaiba VDC 5 
Lalitpur,8.4,12.4,Aliminium Utensils 10000 
Nos Pressure Cooker 40000 
Nos.,45
Sudama Fregrance Pvt. Ltd.,Alou VDC 7 Parsa,31,45,Plain Pan Masala 150 MT 
Gutkha 150 MT  
Sweet Supari 100 MT  
Scented Supari 100 MT  
Readymade Khaini 200MT,60
Energy  In Pvt. Ltd.,Imadol VDC 7 
Lalitpur,11,20,Solar Pvt System For Home 
Appliance 500 Set  
Solar PV System For Lighting 
4000 Set,31
Tigers  Brewery Industries 
Pvt. Ltd.,Rupandehi 8,400,460,Beer  80000 Hecto Littre,162
Dinesh Fregrance Pvt. Ltd.,Chhata Pipara 5 
Bara,33,49,Gutkha  2400 MT  
Scented Supari 1200 MT,140
Bio  Comp Nepal Pvt. Ltd.,Khokana VDC 3,35,40,Organic Agriculture Fertilizer 
2100 MT,50
Nepal  Sheng Pon 
International Company Pvt. 
Ltd.,Imadol VDC 9 
Lalitpur,6.7,10,Toilet  Soap 300 MT 
Shampo 60 MT,35
Dream Light Energy Pvt. Ltd.,Dhapa Khel 2 
Lalitpur,4,10,Solar Pv System For Home 
Appliance 500 Set Solar Pv  
System For Lighting 4000 Set,40
Himalayan  Life Plastic Pvt. 
Ltd.,Pokhara 10,24,30,Recycled Pet Flakes 600 MT,60
Tri Netra Product Nepal Pvt. 
Ltd.,Gaur 7  Rautahat,6.6,10,Gutkha 50 MT  
Sweet Supari 50 MT  
Chewing Tobacco   50 MT,50
R. And B. Group Pvt. Ltd.,Dumraha 6 Sunsari,40,49,Purified Water In Bottles 4320 
KL Purified Water In Jars 
4320 KL Juice 1000 KL,65
Mahalaxmi Salvent And 
Refinary Pvt. Ltd. Unit  1,Lipanimal 8 Bara,33,46.5,Pallet Feed 4000 MT 
Mash Feed 1000 MT,55
A One System And Controls 
(Nepal) Pvt. Ltd.,Balambu 5 
Kathmandu,44,49,Motor Control Panels   2100 
Sets,50
Jaya Bageshwori Cement Pvt. 
Ltd.,Ganapur 5 Banke,235,300,Ordinary Portland Cement 
(Opc) 90000 MT,161
Hama Ispat Pvt. Ltd.,Pipra Simara 3 
Bara,139.5,245,Ms Billet 40000 MT,195
Kabeli  Organic Vegetables 
Pvt. Ltd.,Pharping VDC 5 
Kathmandu,23.5,25,Organic  Vegetables 180 MT. 
Organic Fruits 70 MT,40
Maya Stationary Pvt. Ltd.,Naya Pati VDC 2 
Kathmandu,6,7.5,Stationary Items 50 MT 
(Paper Stationary Items 
Exercise Books 
RegistersEnvelops Files Etc.),26
Global  Agro Products Pvt. 
Ltd.,Mangalpur 4 
Chitwan,175,248,Maxed Feed 12000 MT  
Pallet Feed 24000 MT,170
Sarwa Shree Garment Pvt. 
Ltd.,Shyachutar VDC 3 
Kathmandu,20,30,Readymade Garment 
 200000 Than,320
Dynamic  Pulses Industries 
Pvt. Ltd.(Branch Industry 1),Sonapur VDC 2 
Sunsari,35.7,48,Arhar Dal 696 MT Mass Dal 
696 MT.Masoor Dal 820 MT 
Mater Dal 360 MT By 
Products Chunni Bhusa(Skin 
Of Arhar) 80MT Chunni 
Bhusa (Skin Of Mass) 80 MT 
Chunni Bhusa(Skin Of 
Masoor) 150 MT Chunni 
Bhusa (Skin Of Matar) 28 MT,50
Mama  Tofu Pvt. Ltd.,Godawari VDC 5 
Lalitpur,8,10,Tofu 156  MT,23
Prestige Mats Industries,Bahuari VDC  6 
Bara,100,200,Pvc Mat 1054080 Sq.  
MT. Pvc Compound 1000 MT,96
Pathibhara Steel Industries,Charpane VDC 5 
Jhapa,37,49,Various Rolled Iron 
Products(Such As Bars 
Angles Channels Etc.) 12000 
MT Annealed Wire/ Fine 
Wire 1000 MT  
Wire Nail 1000MT,96
Eastern Energy Pvt. Ltd.,Jorapati 
Kathmandu,6,10,Solar Charge Controller 2000 
Pcs Solar Ups 2000 Pcs  
Volt Guard 2000 Pcs.  
Battery Charger 1000 Pcs,57
Nightiangle Garment Pvt. 
Ltd.,Ichangu Narayan 
VDC 1 Kathmandu,21,30,Shirts 60000 Pcs T Shirts 
30000 Pcs Pollover 20000 
Pcs Jacket 30000 Pcs Skirt 
30000 Pcs Trouser 40000 Pcs 
Shorts 30000 Pcs,97
N. P.  Foods Pvt. Ltd.,Nang Khel VDC 2 
Bhaktpur,35,49.9,Extruded Snacks ( Such As 
Cheese Balls Cheese Rings 
Etc.) 900 MT. Fried Snacks ( 
Such As Kurkure Type Potato 
Chips Etc) 900 MT. Roasted 
Snacks ( Such As Popcorns 
Pallets Etc.) 700 MT,60
Perfect Cable Industries Pvt. 
Ltd.,Charpane VDC 5 
Jhapa,32,48,Copper House Wiring Cable 
200 MT Wire 100 MT. 
Aluminium House Wiring 
Cable 10 MT. Concentric 
Cable 100 MT Aluminium 
Armored Cable 30 MT. 
Aluminium Unarmored Cable 
30 MT. Copper Armoured 
Cable 30 MT Copper 
Unarmoured Cable 20 MT 
Acsr/Acc/Aaac Conductor 200 
MT Bare Copper Wre 10 MT. 
Stay Wire 30 MT Aerial 
Bundled Conductor Cable 100 
MT. Xlpe Cable 50 MT. 
Antenna Wire 10 MT. Pvc  
Pipe 150 MT. Lay Flat Tube/ 
Flexible Tube 200 MT Hdpe 
Pipe 100 MT Pvc Compound 
200 MT Pipe Fittings 30 MT. 
Rope Sutali And Tape 200 
MT Pvc Profile 170 
MT.(Total 2000 MT),75
Hamro Solar Pvt. Ltd.,Jeetpur  Phedi 
VDC 3 Kathmandu,5.5,10,Solar Pv System For Home 
Appliance 500 Nos Solar Pv 
System For Lighting 3000 Nos,50
Shangrila International Food 
Pvt.Ltd.,Duhabi VDC 1,35,50,Frozen Buffalo Meat 6408MT 
Dry Buffalo Meat 1602MT,100
Green  Vaneer Industries 
Pvt.Ltd,Charpaane  VDC8 
Jhapa,120,150,Block Board(19 44 Mm 
Thickness) 200000 
Sq.Mtr.Plywood(2 42mm 
Thickness) 400000 
Sq.Mtr.Vaneer 2000000 
Sq.Mtr.,103
Agromet Fregerence Pvt. Ltd,Biratnagar 6,31,49,Plain Pan Masal 100MT 
Gutkha 150MT 
Khaini 100MT. 
Scented Supari 150MT. 
Chewing Tobacco 100MT,60
Premier Fregerence,Siddarthnagar 4 
Rupandehi,31,47,Plain  Pan Masala 100MT 
Gutkha 200MT.Khaini 
100MT.Scented Supari 100MT,50
Grace  
Farmacuetical Pvt.Ltd.,Makrahar VDC.8 
Rupandehi,93.1,104,Tablet/Bati 100 Million 
Liquid Orals 220 Kilo Litre 
Capsules 22.5  Million 
Powder/Bhasma/Churna 
86MT. 
Ointment/Cream 22.5MT,78
Advance 
Nutritions Pvt.Ltd,Lipanimal VDC 9 
Bara,18,29.7,Feed Premix 2400T,25
K.V. 
Elex Pvt.Ltd,Janakpur 14,36,49,Pvc Insulated Copper 
Cables(House Wire And 
Flexible Cables) 600MT 
Aaac/Acsr Conductor 
1200MTEnamel Copper Wire
(With/Without Paper Cover) 
600MT 
Distribution Transformer(15 
5000kva) 600sets,80
Taiyan Yuyan Pvt.Ltd,Sugarkhal  4 
Kailali,22,25,Placer  Gold 25 KG,65
Cheng Jiyang Pvt.Ltd,Sisiniya  VDC 5 
Dang,22,25,Placer Gold 25 KG,70
Shrepa  Brewery Pvt.Ltd.,Chourikhark 
 VDC 7 
SolUKhumbu,280,310,Beer  50000 Hecto Litre,100
Evergreen  Bembo Industries 
Pvt. Ltd.,Ramnagar 
 Municipality 11 
Nawalparasi,92,119.1,Bembo Plywood 1400000 
Cub.Ft.,127
Green  Field Ink Pvt. Ltd,Barkalpur 
 VDC 6 Kapilbastu,35,42,Fuel Oil Furnance Oil 351KL 
Carbon Black 234MT Steel 
Wire 78MT Pyrolysis Gas(For 
Captive Use) 78MT,50
Panchakanya  S.S. Pvt.Ltd,Mahadevsthan 
 VDC 7 
Kathmandu,40,60,Stainless Steel Water Tank 
3600 MT,34
Sanding Food Products 
Pvt.Ltd,Rampur Tokari 
VDC 3 Bara,35,60,Frozen Buffalo Meat 1602MT. 
Buffalo Dry Meat 360MT,93
Sita Products Pvt. Ltd,Chalnakhel  
 VDC 5 
Kathmandu,46,48,Large Cylender(6.8 
M3/Cylender) 302400cm. 
Small 
Cylender(1.4m3/Cylender) 
129600cm. 
Industrial Grade Oxygen 
48000cm Nitrogen Grade  
Oxygen 45000cm,42
Rang  Ji Gold Mining 
Company Pvt.Ltd,Durgasthan 3 
Baitadi,15,17,Placer Gold 17 KG,50
Tiyan  Hi Gold Mining 
Company Pvt.Ltd,Pipaladi VDC 5 
Kanchanpur,15,17,Placer Gold 17 KG,47
Heng  Tang Mining Company 
Pvt.Ltd,Bharatpokhari 
VDC 5 Kaski,15,17,Placer Gold 17 KG,45
Sky International 
Phermaceuticals Pvt.Ltd.,Daghikot 4 
Bhaktapur,119.9,134.7,Tablet 100 Million/Year 
Capsules 10million/Year 
Cream/Ointment 30MT/Year,61
Sita  Products Pvt. Ltd. 
Branch Industry 1,Chalna  Khel VDC 
5 Kathmandu,40,47,In Jar(20 Litre And More) 
7500 KL In Pet Bottles(0.5 
Litre And More) 7500 KL,46
Tri Shakti Chhinhari 
Chhanhai Oil Industries Pvt. 
Ltd.,Lubhu  VDC 
1Lalitpur,32,46,Mustard Oil 750 MT 
Sunflower Oil 750 MT 
Soyabean Oil 120 MT,45
Mukti Shree Cement 
Industries Pvt. Ltd.,Gutu  VDC 4 
Surkhet,1,850.00,2,000.00,Opc 336000 MT,332
Inovative Farma Lab Pvt. Ltd.,Kabilash VDC 1 
Jugedi Chitwan,97.8,106.8,Tablet Of Penicillin Products  
140000000 Tablets Capsules 
Of Penicillin Products 
112000000 Capsules Dry 
Syrups Of Penicillin Products 
6300 KG(Or 300000 Bottles),61
Shree  Chewing Products Pvt. 
Ltd.,Khanar VDC 4 
Sunsari,32,49,Plain Pan Masal 100 MT 
Gutkha 150 MT Khaini 75 
MT Scented Supari  100 MT 
Chewing Tobacco 75 MT,50
Suryodaya Polymers Pvt. Ltd.,Patan Industrial 
Estate Lalitpur,31.5,47.5,Plastic Water Tank 2000 MT,50
Cristal Bottlers Pvt. Ltd.,Madhabaliya 
 VDC 7 Rupandehi,44,76,Blended Liquor( Various 
Strength) 4000000 Lp Litre,60
Sameer  Farma Company Pvt. 
Ltd.,Chhatapipra 
 VDC 2 Bara,134.3,166.5,Tablets 100 Million Piece 
Capsules 50 Million Piece 
Ointments 2.5 Million Tube,121
Biosys  Nepal Pvt. Ltd.,Kamhariya VDC 6 
Kathmandu,31,38,Herbal Body Care Formula 50 
MT Herbal Food Supplement 
100 MT Herbal Aromatics 50 
MT Plants Extracts 1000 MT 
Essential Oil 50000 Litres,141
Biosys Nepal Pvt. Ltd. 
Branch Industry 1,Dumki Bas VDC 
Nawalparasi,13.8,18,Essential Oil  50 KL  
Plant Extracts 1 KL,36
Biosys  Nepal Pvt. Ltd. 
Branch Industry 2,Rauteli  Bichhuwa 
VDC Kanchanpur,12,16,Essential Oil  40 KL  
Plant Extracts 1 KL,28
Biosys  Nepal Pvt. Ltd. 
Branch Industry 3,Syaule  VDC 
Dadeldhura,11.5,14.5,Essential Oil  30 KL  
Plant Extracts 1 KL,28
Biosys  Nepal Pvt. Ltd. 
Branch Industry 4,Nepalgunj 
 Banke,10,13.5,Essential Oil  32 KL 
 Plant Extracts 5 KL,28
Bishranti Fregrance,Tanki  
Sinuwari VDC 2 
Morang,31,45,Plain Pan Masal 200 MT 
Gutkha 500 MT Khaini 50 
MT Scented Supari  200 MT 
Surti 50 MT,50
Raj  Devi Fregrance,Tanki  
Sinuwari VDC 1 
Morang,32,46,Plain Pan Masal 200 MT 
Gutkha 550 MT Khaini 50 
MT Scented Supari  150 MT 
Surti 50 MT,55
Green Field Fregrance Pvt. 
Ltd.,Biratnagar 4,34,47,Plain Pan Masal 150 MT 
Gutkha 350 MT Khaini 70 
MT Scented Supari  100 MT 
Chewing Tobacco 70 MT,50
Star  Fregrance Pvt. Ltd.,Biratnagar 4,31,47,Plain Pan Masal 125 MT 
Gutkha 125 MT Khaini 50 
MT Scented Supari  125 MT 
Chewing Tobacco 50 MT,65
Seer  Fregrance Pvt. Ltd.,Biratnagar 11,36,49,Plain Pan Masal 150 MT 
Gutkha 125 MT Khaini 50 
MT Scented Supari  150MT 
Chewing Tobacco 50 MT,50
Estern Fragrances,Pathari 1 Morang,31,45,Plain Pan Masala 200 MT. 
Gutkha 500 MT. Khaini 50 
MT. Scented Supari 200 MT. 
Surti 50 MT.,50
Aarya Periyentals Pvt. Ltd.,Bara ,864.3,906,Small Volume Parenterals 
(44.35KL) 20 Million Large 
Volume Parenterals (6150KL) 
13.5 Million Bottlers,94
Janakalayan Multiproduct 
Limited,Panchakhal 5 
Kavre,87.5,99.8,Npk Fertilizer 7500 MT,46
United Fragrances Pvt. Ltd.,TANKISINUWARI
 4 MORANG,17.5,30,Plain Pan Masala 300 MT 
Gutkha 350 MT Sweet Supari 
50 MT Scented Supari 50 MT 
Readymade Khaini 50 MT,50
Shiv Shakti Dall Mill Pvt. 
Ltd.,Chorni VDC 4 
Parsa,140,240,Pulse 25000 MT. Pulse Husk 
(By Product) 2880 MT.,95
Taiping Furniture Pvt. Ltd.,Sitapaila VDC 1 
Kathmandu,26,35,Bed 300 Nos. Cupboard 300 
Nos. Table 600 Nos.  
Tea Table 900 Nos. 
 Chair 900 Nos.,70
Insulate Wall Panel 
Manufacture Company Pvt. 
Ltd.,Bishnu 
Budhanilkantha 
VDC 1 Kathmandu,8,12.5,Polyurethane Sandwich Panel 
320 MT,27
Raj Pauches Pvt. Ltd.,Rajbiraj 
Metropolitan 8 
Saptari,10.5,20,Plain Pan Masala 250 MT 
Gutkha 250 MT Sweet Supari 
50 MT Scented Supari 50 MT,46
Milkmandu Dairy Pvt. Ltd.,Sainbu VDC 5 
Bhaisepati Lalitpur,6.5,8,Pasteurized Skimmed Milk 
57600 Liter Yoghurt 66500 
Liter Butter 1000 KG Ghee 
1400 Liter Cheese 19400 KG,24
Jia Gheng Motorbike 
Assembling Company Pvt. 
Ltd.,Sitapaila 2 
Kathmandu,5.7,10,Carrier Tricycle 150 Nos. 
Scooter 150 Nos.,60
Evory Nepal Pvt. Ltd.,Purushottampur 5 
Kapilbastu,8,15,Plain Pan Masala 300 MT 
Gutkha 450 MT  
Chewing Tobacco 48 MT,9
Nepal Coffee Himalaya Pvt. 
Ltd.,Gothapani 7 Kavre,34,40,Coffee Beans 36 MT,10
H. Plant Pvt. Ltd.,Darma 7 Humla,6,10,Esstntial Oil 20000 Ltr.  
Herbal Tea 14 MT,21
H. PLANT PVT. LTD. UNIT 
 1,Shreenagar 5 
Mugu,6,8.6,Esstntial Oil 8000 Ltr. 
Herbal Powder 40 MT 
 Herbal Soap 20 MT,18
Supreme Pharmaceuticals 
Pvt. Ltd.,Lipanimal 8 Bara,88.4,95.1,Tablets And Bolus 100 Million 
Pcs. Oral Powder 5000 KG 
Oral Liquids 500000 Liters 
External Liquids 300000 Liters,65
Japan Nepal Clean Energy 
Pvt. Ltd.,Dhapashi 4 
Kathmandu,9,35,Solar Pv System For Home 
Appliance 500 Sets Solar Pv 
System For Lighting 4000 Sets,33
Kasturi Pharmaceuticals Pvt. 
Ltd.,Mangalpur 5 
Chitwan,136.7,170.4,Tablets 250 Million Piece 
Capsules 65 Million Piece 
Ointments 0.7 Million Tube,134
Free  Stuff Nepal Pvt.Ltd,Saibu VDC 8 
Lalitpur,7.7,10,Shirt 36000pcs 
Trousers 15000pcs  
Track Shut 10000pcs 
T Shirts 10000pcs 
Jacket 10000pcs 
Waist Coat 10000pcs 
Kurta 10000pcs,45
Nepal  Eco Venture Tyre Re 
Cycling Pvt.Ltd.,Chhatapipra VDC 
4 Bara,15,20,Crumb Rubber 3000MTFuel 
Oil 220MT Carbon Black 
155MTSteel Wire 455MT 
Pyrolysis Gas(For Captive 
Use) 60 MT,70
Saewoon Sys Tech Pvt. Ltd.,Basamadi VDC 3 
Makawanpur,18,25,Solar Pv System For Water 
Heating And Boilling 1500 
SetsSolar Pv Systems For 
Lighting 4500 Sets,12
Grace Farmcuiticals  Pvt.Ltd.,Makahar VDC 8 
Rupandehi,93.1,104,Tablet/Bati 100 Million Pcs. 
Liquiod Orals 220 Kilo Liter 
Capsules 22.5 Million Pcs. 
Powder/Bhasma/Churna 86 
MT Ointment/Cream 22.5MT,78
Bara Distillery Pvt.Ltd.,Itiyahi VDC 
 Barainiya VDC 
Bara,140,200,Blended/Bottled Liquor 
3507000 Lp Litre Rectified 
Spirit(External Sale) 450 KL 
Extra Nautral Alcohol(External 
Sale) 450KL,272
Sichuan Colar Company Pvt. 
Ltd.,Saibu VDC 6 
Lalitpur,9,30,Solar Pv System For Home 
Appliance 500 Sets Solar Pv 
System For Lighting 4000 Sets,33
Aadee Remedies Pvt. Ltd.,Imadol 7  
Imadol,155.8,164.1,Tablet 100 Millions Pcs.  
Oral Rchydration 
Solution(Ors) 5000 KG 
Ointment 20 Million Tubes,59
Narayani Distillery Pvt. Ltd.,Ganga  Pipra VDC 
69 Rautahat,93,120,Blended & Bottled Liquor 
1803600 Lp Litre Rs(External 
Sale) 360 KL Ena 360KL,135
Organic Mountain Flavour 
Pvt. Ltd.,Chhinchu VDC 2 
Surkhet,15,20.4,Dehydrated Ginger 70 MT 
Ginger Powder 26 MT  
Ginger Candy 10 MT,27
Himalayan Energy Nepal Pvt. 
Ltd.,Imadol  4 Lalitpur,18,25,Solar System For Heating 1500 
Sets Solar Pv System For 
Lighting 4500 Sets,60
Mandella Silk Design Pvt. 
Ltd.,Manamaiju VDC 3 
Kathmandu,6.5,10,Readymade Garment(Shirt 
Trouser Skirt Etc) 60000 
Thank,40
Armet Minerals And Metals 
Nepal Pvt. Ltd.,Nayak Wada 
 VDC 6 Jajarkot,46,50,Iron Ore Concentrate 2000 MT,55
Seti  Mahakali Minerals 
Pvt.Ltd,Mining Site  
Mahadevsthan VDC 
Baitadi And Factory 
Site Malakheti 
VDC 3,27.5,30,Talc  Powder 400MT,83
Shiwalik Minerals Pvt. Ltd.,Geta VDC 6 
Kailali,27.5,30,Talc Powder 4000MT,80
Bhageshwor Minerals 
Pvt.Ltd.,Shamshergang 
 VDC7 Banke,27.5,30,Talc  Powder 4000MT,85
Jiyang Ya Pvt. Ltd.,Suda VDC 7 
Kanchanpur,8.3,10,Placer Gold 15 KG,53
Nepal South Asian Jinding 
Mineral Company Pvt. Ltd.,Taranga VDC 
Surkhet,7.8,10,Placer Gold 12 KG,110
Jin Jiyang Pvt. Ltd.,Durgasthan 
 VDC 3 Baitadi,17,20,Placer Gold 22 KG,81
Zhang  Shen Pvt. Ltd.,Sugar Khel 
 VDC 3 Kailali,8.2,10,Placer Gold 15 KG,60
Black Head Mines Nepal Pvt. 
Ltd.,Ranishikhar VDC 
Darchula,33.3,37.5,Lead 60000 MT,113
Torex Mines Nepal Pvt. Ltd.,Pokharathok VDC 
Arghakhachi,35.4,39.6,Iron 60000 MT,113
Software Development House 
Nepal Pvt. Ltd.,Ka.Ma.Na.Pa 9 
Kathmandu,1.5,2,Software Development 30 
Packages,17
Rapti Gas Udhyog Pvt. Ltd.,Satabariya VDC 6 
Dang,45.6,84.6,LPG Gas Refilling 5000 MT,28
S I F Institute Pvt. Ltd.,Lalitpur 5,6,7.4,Language Training 145 
Students Computer Training 
130 Students,28
Saleha Ali Software 
Development Company Pvt. 
Ltd.,Kirtipur 1,7.4,9,Software Development 150 
Packages,45
Himalayan Textile Training 
Center Pvt. Ltd.,Bishnu 
Budhanilkantha 1 
Kathmandu,2,2.5,Vocational Training 300 
Persons,18
Mire Software Pvt. Ltd.,Gongabu VDC 7 
Kathmandu,4.9,5.7,Software Development 110 
Package,27
Hang Sing Software Pvt. Ltd.,Chhetrapati 
Ka.Ma.Na.Pa. 17 
Kathmandu,4.6,6,Software Development 60 
Package,36
Aashahi Language Training 
Institute Pvt. Ltd.,Gongabu VDC 1 
Kathmandu,9.8,11.4,English Langauge Training 300 
Persons Japanese Language 
Training 250 Persons,27
Mahamai Language And 
Computer Training Institute 
Pvt. Ltd.,Kathmandu 14,9.8,12,Computer Training 300 Person 
Chinese Language Training 
300 Person,26
Kangaru International Cargo 
Handling Pvt. Ltd.,Kathmandu 29,10.5,12,International Cargo Handling 
4000 MT,40
Melbourn English Language 
Pvt. Ltd.,Kathmandu 35,4,5,Language Training 150 
Persons,19
Shree Himalayan Terminals 
Pvt. Ltd.,Sirsya 4 Parsa,18.5,31,Containers 180 Trains 
 Bulk Cargo 120 Trains,180
Bondi Pvt. Ltd.,Thamel 
Kathmandu 29,1.9,2.5,Software Development 65 
Package,10
Arabic Language And 
Computer Training Center 
Pvt. Ltd.,Kathmandu 9,2.1,2.5,Computer Training 150 Person 
Arabic Language Training 150 
Person,19
Machhapuchhre Institute Pvt. 
Ltd.,Pokhara 15,4.1,5,Computer Training 50 Person 
Language Training 50 Person,12
Milan International Bendng 
Photography Pvt. Ltd.,Kathmandu 1,9,10,Photography 66000 Pieces,30
Saral International Language 
Training Center Pvt. Ltd.,Lalitpur 3,2,2.5,English Japanese And Korean 
Language Training 150 Person,17
Olga Software Pvt. Ltd.,Sanepa Lalitpur 6,5.1,6,Software Development 90 
Package,27
Type Host Web Development 
Pvt. Ltd.,Kathmandu 6,4.8,6,Software Development 50 
Package Website Design 50 
Project,34
Tribeni Gas Udhyog Pvt. Ltd.,Jogimara 9 
Dhading,75,100,LPG 211268 Cylinder,42
Gurans Energy Limited,Kathmandu 10,520,830,Project Financing 4 Projects 
Share Investment 4 Project 
Development And Promotion 
Of Hydro And Infrastructure 
10 Project,55
Sugam Gas Udhyog Pvt. Ltd. 
(Branch Industry 1),Bhadgau  
Sinuwari VDC 4 
Sunsari,70,100,LPG Refilling 6000 MT Or 
LPG Cylinders 422535 
Cylinder,52
Thomas 
 Soft Pvt. Ltd.,Buddhanagar 10 
 Kathmandu,4.1,5,Software Development 100 
Packages,25
Regus Business Center 
Management Pvt. Ltd.,Kathmandu 10,46.5,50,Convention  2640 Nos,30
Green  Line Software Pvt. 
Ltd.,Kathmandu 15,3.2,4,Software Development 45 
Packages,29
Habibi  Computer Training 
Pvt. Ltd.,Kathmandu 16,2,2.5,Computer Training 600 
Persons,23
Senergy Printing And 
Packaging,Shainbu 
 VDC 4 Lalitpur,37,46,Printing Job 600 MT 
Corrugated Box 700 MT 
Leminated Packaging 
Wrapper 700 MT,36
Neko Language Center Pvt. 
Ltd.,Kathmandu 34,1.6,2,Language Training 150 
Students,17
Hey Shia Software Pvt. Ltd.,Kathmandu 11,20,25,Software Development 400 
Packages,170
Himalayan River 
Construction Pvt. Ltd.,Kathmandu 1,40,48,Construction Services  
Rs90000000,71
Joi Software Development 
Pvt. Ltd.,Kathmandu 4,4,5,Software Development 80 
Packages,40
Korean Alternative Hospital 
Pvt. Ltd.,Lalitpur 4,1.7,2.5,Room Charge (365 Days A 
Year) 2190 Persons Medical 
Services (300 Days's A Year) 
Opd Service 12900 Persons,18
Hilltake Advertising Material 
Production Pvt. Ltd.,Kathmandu 4,27.5,30,Printed Materials 300 Nos 
Audio Advertisement Materials 
200 Nos Video Advertisement 
Materials 100 Nos,35
Social Software Pvt. Ltd.,Kathmandu 2,12,15,Software Development 120 
Packages,60
Modern Infrastructure Pvt. 
Ltd.,Hatiya 5 
Makawanpur,180,250,Various Kinds Of Construction 
Works 620000000 Rs,155
Captain  Outdoors Pvt.Ltd.,Chapali  
Bhadrakali VDC 9 
Kathmandu,14,20,Advertisement Boards/Bill 
Board Production 100 Pcs. 
 Advertisement Material 
Printing 20000000 Impressions,50
Himchuli International Cargo 
Pvt.Ltd.,Thamel 29 
 Kathmandu,22,25,International  Cargo Handling 
7000MT,60
Quality  Roto Packaging Pvt. 
Ltd.,Hati Bangai 5 
Rupandehi,80,140,Printing  And 
Leminatedproducts 1800 MT,70
Shangai Greenroad 
International Logistics Nepal 
Pvt.Ltd.,Kathmandu 4,8.5,10,International  Cargo Handling 
3500MT,40
Star  Global Software 
Pvt.Ltd.,Kathmandu 10,4,5,Software Development 50 
Packages,33
Ceragem Nepal Pvt. Ltd.,Kathmandu 4,8.5,10,Vocational Training 500 
Persons,30
Sunshine Advertising Pvt. 
Ltd.,Kathmandu 14,23,25,Printed Advertisement 
Materials 240 Nos  
Audio Advertisement 
Materials 160 Nos Video 
Advertisement Materials 80 
Nos,35
Aajmi  International Pvt. Ltd.,Kathmandu 16,2,2.5,Computer  Training 600 
Persons,22
Kathmandu Story Tailors Pvt. 
Ltd.,Thaiba VDC 9 
Lalitpur,3.7,4.4,Book Publication  Rs 8000000,27
M.D.M. Architect Pvt.Ltd.,Kathmandu 3,26.5,30,Construction Service 
Equivalent To Rs.70000000,16
Trinity Software Pvt.Ltd.,Lalitpur  15,22,25,Software Development 200 
Packages,65
J. S. L. Nepal Pvt. Ltd.,Kathmandu 10,8.8,10,Japanese Language Training 
200 Students English 
Language Training 150 
Students Korean Language 
Training 150 Students 
Computer Training 200 
Students,30
Nit Holdings Financial Nepal 
Pvt. Ltd.,Lalitpur 10,45,1,950.00,Investment Capacity  Rs. 
1900000000( Or Financial And 
Share Investment In 10 10 
Projects) Infrastructure 
Development Project 
Development And Promotion 
20,44
Wikon  Media Production 
Pvt. Ltd.,Kathmandu 35,4.1,5,Printed Advertisement 
Materials 200 Nos. Adio Video 
Advertisement Materials 30 
Nos,22
Sun  Aviation Nepal Pvt. Ltd.,Kathmandu 1,8.6,10,International Cargo Hangling 
3500 MT,40
I.K. Tek Pvt.Ltd,Kirtipur 1 
Kathmandu,8.5,10,Software 
Development 60 Pachages 
Japanese Language Training 
300 Students,40
Ameen  Language And 
Computer Centre Pvt. Ltd,Kathmandu 13,4.2,5,Language 
Training(Arabic English) 350 
Students Computer Training 
150 Students,16
Gao K.G. Software Pvt. Ltd.,Lalitpur 2,20,25,Software  Development 400 
Packages,170
S.P.I. Nepal Pvt. Ltd.,Lalitpur 5,15.2,19,Computer Software 400 
Package,80
Altai  Himalaya Workshop 
Pvt.Ltd.,Kathmandu 15 
Shwaymbhu,8.5,10,Skill  Development On Fabric 
Making 200 Persons,25
Green  Gas Udhyog Pvt.Ltd,Baireni VDC 6 
Dhading,133,160,LPG  Refilling 
6000MT(422535 Cylinders),42
Chitwan  Medical College 
Pvt.Ltd,Bharatpur 10 
 And 13 Chitwan,950,1,000.00,Beds(700beds Hospital) 
255500bed Days Annual 
Intake Of Mbbs Students 140 
Students Annual Intake Of 
Bdc Students 50 Students 
 Annual Intake Of Bn/Bsc 
Nurshing Students 70 Studetns,645
Himalayan Strategic Training 
Pvt.Ltd,SaibuVDC 8  
Lalitpur,9,10,Management And Career  
Skill Training 600  
Persons,30
Darcel  Lodgistic Nepal 
Pvt.Ltd,Kathmandu 22,9,10,International Cargo Handing 
5000MT,37
NicKLas  International Cargo 
Pvt.Ltd.,Kathmandu 16,4.4,5,International Cargo Handing 
2000MT,25
Morning  Star Recording 
Studio Pvt.Ltd,Kathmandu 14,4.3,5,Audio Recording 600nos,20
Nepal  Issuisha Pvt.Ltd.,Pithouli VDC 4 
Nawalparasi,22,25,Construction Services For 
Infrastructure 
Development(Hydropower 
RoadTower Building) 60nos,60
A. M.  Nepal Pvt. Ltd.,Kathmandu 32,4,5,Software Development 90 
Packages,40
Unique Engineers 
Construction Pvt. Ltd.,Kathmandu 16,26.5,30,Construction Service Rs 
70000000,60
Top Out Nepal Pvt. Ltd.,Chouri Khark 
VDC 5 
SolUKhumbu,8.5,20,Oxygen Gas Refilling 16000 
Cylinders(51.2 MT)  
Cylinders Repair 8000 
Cylinders,40
Lord  Buddha Education 
Academy Limited,Nepalgunj 16 
Banke,1,430.00,1,500.00,Annual Intake Of Students For 
Mbbs 150 Students Annual 
Intake Of Students For 
Pg/Md/Ms 25 Students 
Annual Intake Of Students For 
Nusring 40 Students 
Beds(1050 Beds Hospital) 
383250 Bed  Days,1100
Kathmandu International 
Medical Centre Pvt. Ltd.,Kathmandu 29,9.3,10,X  Ray Service 6000 Nos 
Pathology Service 18000 Nos 
Ecg Service 3000 Nos,21
Tashas Cargo Pvt. Ltd.,Pokhara 6,8.5,10,International Cargo Handling 
3400 MT,40
P. R. Software Pvt. Ltd.,Kathmandu 29,8.5,10,Software Development 150 
Packages,27
Silver Heritageinvestment 
Pvt. Ltd.,Kathamandu 16,47,1,950.00,Project Financing 10 Projects 
Share Investment 8 Projects 
Development And Promotion 
Of Infrastructure Projects 18 
Projects,50
Printing Impressions Pvt. Ltd.,Kathmandu 13 
Baphal,42,49,Printing 10000000 Copy,50
Zamil  Infra Pvt. Ltd.,Lalitpur 10,100,800,Construction Works Of 
Verious Types Equivalent To 
Rs 1000000000,375
Korea Language School 
Hetauda Pvt. Ltd.,Hetauda 5,8.5,10,Software Development 50 
Packages English Language 
Training 150 Persons Korean 
Language Training 250 
Persons,40
Star  Light Computer And 
Language Training Centra 
Pvt. Ltd.,Lalitpur 2,27,30,Computer Training 500 
Persons Chinese Language 
Training 400 Persons,40
Highest Link Pvt. Ltd.,Lalitpur 4,8.5,10,Printed Advertising Materials 
200 Nos.,16
Mero  Sathi Book Publication 
Pvt. Ltd.,Lalitpur 4,4,5,Book Publication 1000 Nos,25
One  World Aviation Pvt. 
Ltd.,Kathmandu 2,8.6,10,International Cargo Handling 
3500 MT,40
Simrik Language Centre Pvt. 
Ltd.,Baneshwor 
 Kathmandu,27,30,Enligh Language Training 600 
Persons Japanese Language 
Training 300 Persons,40
Era  Skill Training Pvt. Ltd.,Lalitpur 10,14.6,20,Mechanics Category 135 
Persons Electrical Category 
135 Persons Plumbing 
Category 135 Persons,25
B.B.C. Media Action Nepal 
Pvt. Ltd.,Lalitpur 3,8,9,Human Resources Training For 
Television And Radio 
Programs 360 Nos.,22
Intrepid Cancer Diagnostic 
Pvt. Ltd.,Kathmandu 11,14.8,16.3,Cancer Sample Testing 1450 
Samples,21
Rios Language Center Pvt. 
Ltd.,Balambu 3 
Kathmandu,13,15,English Language Training 900 
Packages,30
Quest Software Development 
Pvt. Ltd.,Lalitpur Sub 
Metropolitan 10,26,30,Software Development 300 
Packages,70
Bir Language Center Pvt. Ltd.,Kathmandu 30 
Mahaboudha,18.5,20,English Language 200 Persons 
Chinese Language 200 Persons,20
German & Korean Language 
Pvt. Ltd.,Pokhara 6,18.2,20,Language (English German 
Korean) 200 Persons,17
Adhikari Talkifield Kim 
Pvt.Ltd,Jhamsikhel 2 
Lalitpur,13.5,15,Language Training 240 
Persons Computer Training  
250 Persons,27
American Training Institute 
Pvt.Ltd.,Lalitpur 4,4.3,5,Management And Career Skill 
Training 600 Persons,20
G.H.N.  Pvt.Ltd.,Gahana Pokhari 5 
Kathmandu,36,45.5,Various Kinds Of Construction 
Works (HydropowerElectric 
TransmissionDam 
TunnelFlyover Ropeway 
Etc) Equivalent To Rs 
100000000,128
Ace  Institute Of 
Management Ltd.,Kathmandu 9,240,250,Bba(Banking And Insurance) 
384 StudentsMba 120 
Students Emba 90 
StudentsMbae 240 Students,85
Itonics Nepal Pvt.Ltd,Kathmandu 32,7.4,10,Solftware Development 100 
Packages  
Webpage Design 100 Nos.,37
Orient  
Digital Midea Pvt. Ltd.,Kathmandu 34,37.4,47.4,Television Transmission 
Service(Iptv) Operation 3200 
Users,17
J Season Cargo Pvt.Ltd.,Thamel 29,8.6,10.1,Cargo 3400 MT,40
B Kul Language Training 
Center Pvt. Ltd.,Thamel 29,9,10,Enlish Language Training 400 
Persons Russian Language 
Training 200 Persons Nepali 
Language Training 300 
Persons,24
Focus Training Pvt. Ltd.,Butwal 11,8.2,10,Electrician Training 129 
Persons Plumbing Training 
129 Persons,21
Global Neighbors Language 
Training Center Pvt. Ltd.,Bouddha 6 
Kathmandu,13,15,English Language Training 
500 Persons Nepali Language 
Training  200 Persons,31
Swambling Hotel Pvt. Ltd.,Boudha 
Ka.Ma.Na.Pa 6 
Kathmandu,18,20,Hotel 46 Bed  
Restaurent 50 Seats,40
Happy World Pvt. Ltd.,Thamel 
Ka.Ma.Na.Pa. 16,46,49.5,Visitors 115000 Persons 
Restaurant 49500 Seats,56
Mando Bijaro Pvt. Ltd.,Kathmandu 23,8,10,Hotel 36 Beds  
Restaurant 60 Seats,36
Mountain Equip Hotel Nepal 
Pvt. Ltd.,Kathmandu 16,41.7,48.1,Hotel 8 Double Bed Room,18
Kasara Jungle Resort Pvt. 
Ltd.,Patihani 1 Chitwan,95,100,Hotel 48 Bed  
Restaurant 100 Seats,45
Ocean Park And Resort Pvt. 
Ltd.,Khanar 1 Sunsari,145,150,Hotel 36 Double Bed Room 
Restaurant 100 Seats 
Amusement Park 310000 
Person,78
Hotel Devori And Restaurent 
Pvt. Ltd.,Dhangadi Na.Pa.  1 
Kailali,94,100,Hotel 48 Bed  
Restaurant 130 Seats,85
The Centurian Hotel Pvt. Ltd.,Biratnagar  7 
Morang,45.5,50,Hotel 40 Bed  
Restaurant 80 Seats,60
Shriji Hotels Pvt. Ltd.,Kathmandu  9,153.5,163.2,Hotel 46 Bed  
Restaurant 100 Seats,90
Gongjau Hotel With 
Restaurent Pvt. Ltd.,Ichangu Narayan  1 
Kathmandu,12.5,15,Hotel 30 Bed  
Restaurant 50 Seats,40
Spanish Topaz Launge Pvt. 
Ltd.,Lajimpat 
Kathmandu 2,3.8,4.5,Restaurant 40 Seats,14
Namaste Nepalese Air Pvt. 
Ltd.,Jawalkhel Lalitpur 
14,150,300,Passenger 442368 Passenger,90
Hotel Himalayan View 
Sarangkot Pvt. Ltd.,Sarangkot 3 Kaski,290,300,Hotel 90 Bed  
Restaurant 160 Seat,73
Platinum Resort Pvt Ltd.,Dhulikhel Na.Pa. 9 
Kavre,82.5,85,Hotel 22 Rooms With Double 
Beds Restaurant 60 Seat,50
U.N.B. Restaurent Pvt. Ltd.,Lalitpur 5,5,6,Restaurant 40 Seats,14
Sauraha Bamboo Cottage Pvt. 
Ltd.,Bachhyauli 6 
Chitwan,1.8,2.5,Hotel 18 Beds 
 Restaurant 25 Sats,26
Hotel Seven Star Pvt. Ltd.,Bachhyauli 3 
Chitwan,158.2,166.2,Hotel 48 Bed  
Restaurant 150 Seats,75
Himalayan Meditetion 
Retreat Hotel And Restaurent 
Pvt. Ltd.,Lekhnath 9 Kaski,1.9,2.4,Hotel 18 Beds  
Restaurant 30 Seats,20
Nirsh Toste Bakery 
Restaurent Pvt. Ltd.,Kathmandu 6 
Kathmandu,6.3,8,Restaurant 120 Seats,24
Mitrata Hotel With 
Restaurant Pvt. Ltd.,Sarangkot  
VDC 2 Kaski,12.5,15,Hotel  40 Beds Restaurant 70 
Seats,40
Eyetex Nepal Pvt. Ltd.,Kathmandu 6,4,5,Hotel 20 Beds 
 Restaurant 50 Seats,40
Centre Resort Pvt. Ltd.,Nayapati 
 VDC 7 
Kathmandu,8,10,Hotel 20 Beds  
Restaurant 50 Seats,40
Hyocho Himalayan Lodge 
Pvt. Ltd.,Pokhara 6,2,2.5,Hotel 20 
 Beds Restaurant 34 Seats,27
Cafe Jireha Pvt. Ltd.,Saibu VDC 4 
Lalitpur,4.4,5.6,Restaurant 80 Seats,40
Star Fish Hotel With 
Restauratn Pvt. Ltd.,Kathmandu 29,11.5,15,Hotel 42 Beds 
 Restaurant 80 Seats,45
I.S.M.I. Housing Pvt. 
Ltd.(Branch Industry 1_,Baluwatar,136,140,Hotel 48 Beds  
Restaurant 50 Seats,44
Hotel  
Zhao Pvt. Ltd.,Kathmandu 15,3.9,5,Hotel 20 Beds  
Restaurant 50 Seats,34
Himal  
Water Park And Village 
Hotel Pvt. Ltd.,Birgunj 17,93,100,Hotel 44 Bed  
Restaurant 130 Seats,49
Jaint 
 Panda International 
Restaurant Pvt. Ltd.,Kathmandu 29,4.5,6,Restaurant 60 Seats,26
Dubai  
Darbar Restaurant Pvt. Ltd.,Kathmandu 4,3.8,4.8,Restaurant 80 Seats,23
Swadilo Restaurant Pvt. Ltd.,Lalitpur 4,9,12.5,Restaurant 150 Seats,46
Greatwall 
 Hotel With Restaurant Pvt. 
Ltd.,Lalitpur 6,9.5,12,Hotel 20 Beds  
Restaurant 60 Seats,40
Ama  
Chinese Restaurant Pvt. Ltd.,Kathmandu 6,8,10,Restaurant 100 Seat,40
Hotel Taishan Pvt. Ltd.,Kathmandu 29 
Thamel,26,30,Hotel 40 Beds  
Restaurant 150 Seats,40
Hotel Swiss Family Home 
Pvt. Ltd.,Sheshnarayan 3 
Kathmandu,4.2,5,Hotel 40 Beds 
 Restaurant 70 Seats,34
Aahude Pvt. Ltd.,Kathmandu 6 
Boudha,1.9,2.5,Hotel 20 Beds  
Restaurant 60 Seats,22
Rising Star Hotel Pvt. Ltd.,Lalitpur 8,23,25,Hotel 40 Beds,45
Westar Hospitality 
Developers Pvt. Ltd.,Kathmandu 10,725,750,Hotel 244 Beds  
Restaurant 150 Seats,200
Mitrata Floriculture Industries 
Pvt. Ltd.,Bhim Dhunga  
VDC 3 Kathmandu,23,25,Flowers 30  MT,37
Song  Restaurant Pvt. Ltd.,Kathmandu 29,1.9,2.5,Restaurent  40 Seats,20
C.G.  Saphari And Tours Pvt. 
Ltd.,Meghouli VDC 4 
Chitwan,220,226,Hotel 48 Beds 
 Restaurant 60 Seats,58
Choice  CAFï¿½ï¿½ï,Kathmandu 16,3.7,5,Restaurant  60 Seats,26
Pure  Land Resort Pvt. Ltd.,Talku Dudechour 
VDC 8,8.8,10,Hotel 20 Beds  
Restaurant 40 Seats,45
Devalaya  Pvt. Ltd.,Kathmandu 29,46,50,Hotel 40 Beds 
 Restaurant 80 Seats,60
Ichchhakaman  Cablecar 
Pvt.Ltd.,Dorechowk 
 VDC 3 Chitwan,780,800,Cable Car Operation 930000 
Person,90
Newa  Kitchen Pvt. Ltd.,Shesh Narayan 
 VDC 3 
Kathmandu,3.6,5,Restaurant 70 Seat,26
Ulence  Resort Hotel Pvt. Ltd.,Ugrachandi  
VDC 9 Kavre,240,271.2,Hotel 200 Beds  
Restaurant  40 Seats,154
Hotel China Garden Pvt. Ltd.,Kathmandu 1,45,50,Hotel  46  
Beds Restaurant 60 Seats,42
Shree  Harvest Foods Pvt. 
Ltd.,Pokhara 6,1.8,2.5,Restaurant  40 Seat,19
Heaven Cafe And Guest 
House Pvt. ,Shesh Narayan 
VDC 1 Kathmandu,18,20,Hotel 28  Beds 
 Restaurent 100 Seats,28
Marcia Hotel And Restaurant 
Pvt. Ltd.,Lalitpur  2,11.5,15,Hotel 40 Beds 
 Restaurant 100 Seats,45
Atithi Resort And Spa Pvt. 
Ltd.,Pokhara 6,85,90,Hotel 49 Beds  
Restaurant  100 Seats,47
Sanga Launge And Cafe Pvt. 
Ltd.,Kathmandu 16,12.5,15,Restaurant 150 Seats,40
Commonwealth 
 Development(Nepal) Pvt. 
Ltd.,Kathmandu 1,91,100,Hotel 48 Bed  
Restaurant 100seat,60
Lusian Guest House Pvt.Ltd,Kathmandu 30,14,17,Hotel 45 Beds(Single Room 
15Double Rooms 
15)Restaurent 60 Seats,50
Litile China Ding Wai Sang 
Restaurent And Bar Pvt.Ltd,Kathmandu 1,8,10,Restaurant 100 Seats,40
Banabas Eco Resort Pvt.Ltd,Kumroj VDC 1 
Chitwan,30,33,Hotel 48bed 
 Restaurant 50 Seats,19
International  Hotels Pvt.Ltd.,Kathmandu 32 
Kalikasthan,526.8,540,Hotel 112rooms224beds 
Resturant200seats,157
South  City Housing Pvt.Ltd,Lalitpur 2,48,50,Hotel 48bed 
Restaurant 50 Seat,22
Nepal Mountain Lodge 
Pvt.Ltd,Pokhara 3,45,50,Hotel 30bed 
Restaurant 40 Seat,45
Fujian Chinese Restaurant 
Pvt.Ltd,Kathmandu 17,3.8,5,Restaurant 60seats,28
Paviliance Himalaya Pvt. Ltd.,Pumdibhumdi 
 VDC 2 Kaski,160,170,Hotel 48 Beds 
 Restaurant 100 Seats,50
Samsing Holding Pvt. Ltd.,Kathmandu 30,139.2,143.2,Hotel 48 Beds  
Restaurant 60 Seats,56
Bharatpur Garden Resort Pvt. 
Ltd.,Bharatpur  10,91,100,Hotel 80 Beds 
 Restaurant 100 Seats,70
Grace Guest House Pvt. Ltd.,Lalitpur ,17.4,20,Hotel  40 Beds 
 Restaurant 70 Seats,41
Town Planning Guest House 
Pvt. Ltd.,Kathmandu 35,9,10,Hotel  40 Beds  
Restaurant 70 Seats,34
Island Restaurant And Bar 
Pvt. Ltd.,Pokhara 6,3.5,5,Restaurant 60 Seat,25
M. L. Hospitality Pvt. Ltd.,Kathamandu 1,45,50,Restaurant 150 Seats,50
A La  Soup Restaurant Pvt. 
Ltd.,Pokhara 6,4.5,6,Restaurant 70 Seats,25
O.R.2.K. Cafe & Bar Pvt. 
Ltd.,Kathmandu 29 
Thamel,8.3,10,Various Kinds Of Foods 16000 
Persons Bar Items 18000 
Persons,12
Zhan Yun International Food 
Court Pvt. Ltd.,Kathmandu 11,90,100,Restaurant 300 Seats,90
Sattara Spring Pvt. Ltd.,Dhital VDC 3 
Kaski,9,10,Hotel 10 Rooms  
Restaurant 10 Seats,73
Kudos Hotel Pvt. Ltd.,Bouddha,27.8,30,Hotel 40 Beds,45
Nepal Moutain Lodge Pvt. 
Ltd. Branch Industry 1,Lumle VDC 3  
Kaski,45,50,Hotel 30 Beds 
 Restaurant 50 Seats,55
Hutor Pvt. Ltd.,Lekhnath VDC 9 
Kaski,8.7,10,Hotel 20 Beds 
 Restaurant 40 Seats,45
Taal Lounge Cafe And 
Restaurant Pvt. Ltd.,Pokhara 16,8.2,10,Restaurant 90 Seats,33
Pokhara Bambo Garden 
Restaurant Pvt. Ltd.,Pokhara 6,8,10,Restaurant 100 Seats,40
Squirrel In The Mountain 
Village Restaurant And Bar 
Pvt. Ltd.,Pokhara 6,7.9,10,Restaurant 110 Seats,40
Korish Nepal Restaurant Pvt. 
Ltd.,Kathmandu 6,7.5,10,Restaurant 110 Seats,40
Roseville Farm & Resort Pvt. 
Ltd.,Baluwapati Deupur 
6 Kavre,44,50,Hotel 48 Beds  
Restaurant 75 Seats,45
Mingfa Hotel & Restaurent 
Pvt. Ltd.,lalitpur,30,35,Hotel 40 Beds 
 Restaurant 150 Seats,50
Butterfly Cafe Pvt. Ltd.,Lalitpur 3,7.5,10,Restaurant 110 Seats,40
Hotel Shyarpu Pvt. Ltd.,Kathmandu 16 
Pakanajol,8.5,10,Hotel 32 Beds  
Restaurant 30 Seats,40
Common Grounds 
Kathmandu Pvt. Ltd.,Kathmandu 6 
Boudha,12,15,Restaurant 150 Seats,40
Exotic House Pvt. Ltd.,Kathmandu 17 
Dhobichaur,17,20,Hotel 32 Beds  
Restaurant 70 Seats,50
Paolo Hotel Pvt. Ltd.,Matatirtha 7 
Kathmandu,11.5,15,Hotel 40 Beds  
Restaurant 100 Seats,45
Yeti Pizza Pvt.Ltd.,Gongabu 7,6.3,7.5,Restaurant 80 Seats,31
Anjali's Dolphins Resort Pvt. 
Ltd.,Thakurdwara 9 
Bardiya,5,6.2,Hotel 20 Beds  
Restaurant 40 Seats,32
Chhinnamasta Hotel With 
Restaurant Pvt. Ltd.,Bachhyauli VDC 3 
Chitwan,32,35,Hotel 40 Beds  
Restaurant 60 Seats,60
City Side Hotel Pvt. Ltd.,Sarangkot 2 Kaski,28,30,Hotel 40 Beds,45
Annapurna Cable Car Pvt. 
Ltd.,Sarangkot VDC 
Kaski,585,600,Cablecar 450000 Persons,55
China Town Restaurant Pvt. 
Ltd.,Kathmandu 30 
Jyatha,16.5,20,Restaurant 200 Seats,46
Drala Resort Nepal Pvt.Ltd.,DAKSHINKALI  
VDC 9 
KATHMANDU,86,90,Hotel 48 Beds 
Restaurant 60 Seats,56
Hallasan Restaurant Pvt. Ltd.,Kathmandu 17,4.2,5,Restaurant  60 Seats,24
Da. Yatra Courtyard Pvt. Ltd.,Lika 6 Pokhara,90,95,Hotel 48 Beds 
 Restaurant 100 Seats,55
Lumbini Cloud Buddhist 
Cultural Facility 
 Construction And Operation 
Company. Pvt.Ltd,Gonaha VDC 5 
Rupandehi,95,100,Hotel 44 Beds  
Restaurant 100 Seats,45
Bullet Base Camp Pvt.Ltd.,Pokhara 6,3.9,5,Restaurant  52 Seats,30
French Corner Pvt.Ltd.,Thamel 29,3.9,5,Restaurant 52 Seats,30
China CG Hotel Pvt. Ltd,Kshetrapati 17  
Kathmandu,13,15,Hotel 34 Beds 
 Restaurant 70 Seats,40
Bishuddhi Pvt.Ltd.,Hemja VDC 5 
Kaski,19,19.8,Hotel 10 Rooms(34 Beds) 
Restaurant 40 Seats,14
Roseline Hotel With 
Restaurant Pvt. Ltd.,Kathmandu 6,32,35,Hotel 40 Beds  
Restaurant 60 Seats,60
